,0
Prediccion,144281.68014394236
1,167810.83818352013
2,170335.40143945912
3,186718.94450160107
4,196362.83353842527
5,176939.23873168742
6,183639.29134580112
7,192093.2051749077
8,188873.84299286708
9,124234.83365371625
10,188505.46201120445
11,107895.45546380719
12,93909.69575418529
13,142631.73525236163
14,239746.34194710891
15,460211.42287803686
16,276090.5807830896
17,436625.10445559735
18,271866.35393418523
19,428956.8565353018
20,317625.3834734608
21,282679.0339496323
22,171804.3651559478
23,184988.61040284514
24,173422.4780740057
25,210934.0373159562
26,311650.2705458245
27,252030.79693352693
28,221289.5132456313
29,235592.5765440773
30,202103.7696938887
31,99424.96493284494
32,157628.11544474616
33,308968.821875699
34,302123.5262952972
35,236994.43495967076
36,160074.33863385586
37,160074.33863385586
38,147396.73948971074
39,120783.86332283558
40,136159.56521653474
41,155284.58796169393
42,260402.21661327907
43,274090.99125661596
44,222190.37349797244
45,174669.03317983513
46,169708.27591186715
47,169318.3240982116
48,175423.3655459283
49,134268.62599523008
50,117365.99598365792
51,144281.68014394236
52,141053.04068199688
53,122526.78344557893
54,153464.0000017262
55,158012.61687401484
56,153587.53954921677
57,121916.66942359414
58,171235.47173743154
59,148729.19237182415
60,148729.19237182415
61,155869.6565010442
62,121770.41032046387
63,156416.92573082965
64,146979.7828934964
65,76503.02678788263
66,111925.74636844659
67,122150.99735362819
68,153825.07847389823
69,174321.40785053483
70,121709.18220224894
71,116003.04261758749
72,176901.9056298245
73,160932.14690731833
74,132004.3994944359
75,130943.59267167884
76,43757.55271713315
77,197958.80525436022
78,197735.028540642
79,73642.96521351233
80,155194.4333620625
81,140949.28890651301
82,170018.42290502146
83,84399.60177012175
84,139272.30880090428
85,133071.92537540008
86,140949.28890651301
87,145207.17096228738
88,135246.34375160706
89,120713.31481219971
90,103682.69400185786
91,111385.24857730379
92,46432.9664955054
93,143158.12891343553
94,189810.6745728326
95,162746.2521904916
96,101689.65024537468
97,191098.58668566716
98,137400.24542152102
99,150079.49284138327
100,76823.68123356983
101,143888.48901755575
102,140761.06874604456
103,167560.47543366492
104,155975.9674887318
105,265052.01686696825
106,92327.18203393267
107,238694.08072091395
108,111704.66486912993
109,151791.82206560014
110,111032.68364749293
111,132805.88034669598
112,175351.4674254047
113,109812.43813819488
114,206998.54842943273
115,196442.28826436363
116,198737.02779950522
117,166665.08912640504
118,149212.35764955252
119,231362.65721721604
120,155845.36574162656
121,160536.1752755282
122,231004.43558675118
123,213608.9496210182
124,141577.76885175295
125,112445.256103639
126,122434.05735726189
127,117365.13623511948
128,97224.68478422935
129,109153.32484254916
130,63610.50094427483
131,110755.79529703935
132,131403.23992420585
133,116079.57554801514
134,124494.38445033561
135,229613.36853536946
136,183198.23627008396
137,212155.93672786694
138,258085.32010199723
139,255687.53674947718
140,62093.71391259072
141,97527.89102926117
142,-4845.6703481988225
143,257383.06030176915
144,120962.31307858377
145,168342.18076753354
146,135869.03533305283
147,222091.54058227997
148,205794.5176563456
149,187164.40511851426
150,133739.7279924207
151,137703.3101604113
152,137703.3101604113
153,205209.58305933716
154,109572.85989826602
155,90652.2519318207
156,96775.30366505458
157,152236.33909981864
158,152236.33909981864
159,99560.047134863
160,157721.26553928206
161,176429.4038218552
162,245403.07763429984
163,166903.96861272043
164,162714.95208144604
165,147915.23803101372
166,187019.26389863505
167,243201.44510320216
168,187807.31980555496
169,238437.87548640725
170,247480.9245862377
171,241562.9080184204
172,175922.478074405
173,152712.11632416374
174,184321.16114908102
175,162260.96682599193
176,123300.78365349762
177,210561.94592801447
178,167823.73759943328
179,228632.05367628482
180,165425.95424691323
181,218399.69558872888
182,242481.94643169874
183,244868.69304638164
184,172391.58927464142
185,165678.55823036548
186,96760.28925548645
187,148729.19237182415
188,163262.2213112315
189,121186.25724070429
190,116545.5118146713
191,107895.45546380719
192,110293.23881632724
193,136818.69616910024
194,237348.5585945889
195,132988.3822977801
196,132543.51062047094
197,132543.51062047094
198,232055.90066773834
199,156416.92573082965
200,451840.00319828466
201,453366.12729763496
202,436625.10445559735
203,295345.8048459637
204,436625.10445559735
205,237376.40235421841
206,308650.9200703724
207,443470.40003599925
208,443470.40003599925
209,446168.5027855532
210,242297.04889649333
211,446168.5027855532
212,287081.25267687254
213,271866.35393418523
214,223798.7499955112
215,224243.62167282036
216,250411.62616238638
217,360426.9742947254
218,274564.4566837393
219,427547.5775094796
220,447437.78447104443
221,209331.47625579016
222,243566.33058198454
223,204088.74173555433
224,184321.16114908102
225,175862.94596649997
226,197839.22053136193
227,210934.0373159562
228,200150.71812590002
229,210934.0373159562
230,210934.0373159562
231,245899.54785275616
232,197839.22053136193
233,184321.16114908102
234,157963.35377968644
235,213615.48598608165
236,200237.00388388202
237,302123.5262952972
238,293326.9933505526
239,269856.1185080512
240,308968.821875699
241,243476.10899526143
242,240919.97247947095
243,252030.79693352693
244,258876.09251392874
245,426332.94578489487
246,228134.80882603314
247,220160.1707977883
248,430480.1386157427
249,227267.04768901152
250,285441.6491723439
251,244226.41882950487
252,233517.38400800602
253,226608.68472668278
254,241823.58346937003
255,191984.75705327553
256,162125.12170668604
257,135512.2455398109
258,196164.25120702447
259,197366.76847116416
260,179068.8798029471
261,138470.24392645006
262,146290.2350747044
263,188414.99505055178
264,208522.13549183146
265,177888.67687953357
266,125001.88791386358
267,202103.7696938887
268,196442.28826436363
269,167698.5396014291
270,160584.88803782384
271,123786.24716658416
272,147606.3643264464
273,123824.37096890422
274,150103.0888172268
275,101274.40695135386
276,236252.90908734218
277,272352.8429988316
278,160519.21031116502
279,212334.61267460504
280,210808.48857525468
281,133461.4624669807
282,148439.29238129206
283,257749.37801408122
284,209367.5275608282
285,238679.51557425933
286,216069.87830693845
287,190882.35559909086
288,143824.9237410991
289,148415.2851637906
290,228632.05367628482
291,144281.68014394236
292,134268.62599523008
293,193703.59619890034
294,153801.81722390358
295,139256.36498897467
296,144388.32077790322
297,113220.06290631386
298,153825.07847389823
299,153720.61566129338
300,136613.95224792126
301,169039.97721658548
302,158524.9611875576
303,141883.8967914223
304,128653.6529437258
305,167810.83818352013
306,165211.67657222642
307,163443.37694578466
308,191725.61160084128
309,205993.29050455499
310,131855.277343403
311,137790.13950478606
312,99347.91911166221
313,115275.85932431128
314,176821.05123839428
315,144581.99954097634
316,103024.9794010281
317,144380.6212822027
318,141883.8967914223
319,214928.56309956795
320,136666.40934775013
321,126825.99957965358
322,179091.73245333033
323,114709.91121151266
324,116003.04261758749
325,110421.99329750684
326,158762.30117480253
327,55062.3920102135
328,133848.11234056097
329,117340.45068209899
330,167539.02595524333
331,170402.68544045155
332,162409.9830159617
333,165138.80358664942
334,167810.83818352013
335,146368.680591931
336,113719.41070146473
337,130101.83731278431
338,138635.7992304967
339,146430.9631012068
340,154148.50898284468
341,130950.54239042608
342,173782.65799328545
343,183216.33241845004
344,158267.43985356425
345,145028.29351956106
346,154455.76146252925
347,214251.812975391
348,104654.46839604923
349,129073.42806555331
350,91624.64938835203
351,106603.4933170038
352,123913.8177673853
353,89405.33903839922
354,-13606.631550755905
355,107743.14073499906
356,97957.10582525721
357,154705.93096621137
358,114506.24276484207
359,60197.95628308762
360,111614.33085230284
361,155194.4333620625
362,66947.31587542644
363,125161.15022560228
364,166823.72382768
365,119386.48506281216
366,93467.44896865312
367,126478.10677101478
368,99923.95982274527
369,143059.1877751752
370,169771.0050803107
371,185441.28704748067
372,138159.69815357673
373,198716.35178675785
374,213688.7692955127
375,145125.74886177632
376,96675.25220545614
377,106181.7399886447
378,85865.7795360108
379,184517.58108758004
380,150072.44010419125
381,96208.61103422989
382,191349.72890458483
383,149541.05723059954
384,142881.15070413757
385,156866.91041375947
386,185085.46095052376
387,80605.76577419511
388,112530.83847265864
389,108324.60122985812
390,172482.07415764782
391,125670.81676909095
392,134085.71343201795
393,233819.45477189805
394,169241.37232282117
395,204801.8724434427
396,140401.54525832835
397,149571.74054729744
398,113971.56155727954
399,232309.1542473408
400,185726.13085474947
401,195860.13765584657
402,195860.13765584657
403,195860.13765584657
404,404134.6057879155
405,409453.7772689669
406,231004.43558675118
407,237849.73116715302
408,197409.84457958228
409,240547.83391670705
410,248137.145258844
411,194184.34595571912
412,237529.03148926224
413,192781.0983406468
414,193966.65550057747
415,183245.29308868106
416,205582.32337990706
417,174955.034441963
418,164556.75772095087
419,179516.71644281733
420,164765.74140622283
421,253064.6299098403
422,207214.20103744685
423,211987.21982180586
424,238430.66274620112
425,231004.43558675118
426,194643.27051286894
427,223050.0171167207
428,190037.1531248713
429,108510.25602723594
430,136997.5037529641
431,98444.22475442031
432,133470.2047553997
433,100607.70329918868
434,133470.2047553997
435,116758.42204067919
436,141841.73980960067
437,149947.18604151433
438,158282.94904323897
439,210101.45624496724
440,178186.5282068682
441,132229.80271315074
442,208880.70144151206
443,142974.2593577232
444,195058.0248554626
445,179445.7072552321
446,339456.63885958213
447,129971.12963720685
448,129526.2579598977
449,129971.12963720685
450,197178.10681355558
451,217733.38700703048
452,122608.13962848429
453,76251.11154973634
454,256211.08165156547
455,-66989.1145033626
456,215000.93337678543
457,155441.23991092108
458,168175.2172978106
459,170909.93165911356
460,383461.02274089877
461,383461.02274089877
462,210065.25511685928
463,224211.62254037295
464,231371.57716358412
465,380762.9199913448
466,159081.63468022045
467,179382.32955095865
468,135421.19320858386
469,153809.15182812623
470,128476.9564899217
471,152918.20890309854
472,209130.2572330532
473,184321.16114908102
474,177475.86556867918
475,184321.16114908102
476,190127.6423512196
477,155120.50269677187
478,247480.9245862377
479,196362.83353842527
480,165774.72671539357
481,142985.91398871227
482,231196.5573485708
483,203463.15501521953
484,356727.26984233304
485,138604.62868268645
486,361121.5840598374
487,145324.2690488516
488,201281.9093467103
489,213417.15493359757
490,198457.19621173112
491,169187.44827293177
492,168124.05699646726
493,205359.98617907875
494,169052.87663249864
495,231330.15642583882
496,161134.42791699627
497,211876.4809441566
498,128144.31032176407
499,115486.07314952355
500,138120.47311723355
501,107895.45546380719
502,115387.81499928684
503,93909.69575418529
504,139216.4795216203
505,232500.77234504744
506,253294.35371117463
507,193182.074403745
508,443470.40003599925
509,474669.71050027397
510,382399.6875386894
511,458685.29877868644
512,264123.90905662073
513,271836.3263073412
514,359516.54087570665
515,274564.4566837393
516,280235.95709647064
517,289779.3554264265
518,455809.20415079664
519,298888.3194454416
520,455809.20415079664
521,260693.65037699125
522,260693.65037699125
523,153996.49673483687
524,184988.61040284514
525,184988.61040284514
526,175702.0544867484
527,184321.16114908102
528,210934.0373159562
529,210934.0373159562
530,297888.6391028573
531,210934.0373159562
532,171058.1705642807
533,199298.99106339237
534,210934.0373159562
535,257409.2409462193
536,442498.4729211286
537,293753.92313301173
538,276274.48430599394
539,323074.92103264725
540,267323.1056014588
541,226608.68472668278
542,267245.6956762142
543,268771.8197755645
544,254728.89968308093
545,253953.7026843846
546,265784.791795252
547,196525.7640011159
548,175490.89352701354
549,190468.7234413249
550,152456.00363607195
551,189586.97370075548
552,182336.18910741538
553,168410.10698502918
554,211630.51394441602
555,171681.3865074357
556,204801.8724434427
557,133290.3518958711
558,168727.64358401904
559,77505.5538843101
560,134826.20658466147
561,182754.651393953
562,136563.5384167663
563,250088.53792157792
564,492035.02908707026
565,240119.4674916839
566,123929.86627132607
567,144607.88027681815
568,152786.94999891514
569,441292.81863118976
570,441292.81863118976
571,441292.81863118976
572,441292.81863118976
573,188209.5890300653
574,244521.68621892406
575,176215.03498073822
576,176215.03498073822
577,328165.1984643004
578,261974.35961404847
579,386978.7559797383
580,250904.08243367937
581,210214.53864445278
582,176789.11513792814
583,36822.02140111325
584,212990.22515113847
585,144151.17148380665
586,174463.30246129836
587,144388.32077790322
588,126063.86225444196
589,216496.80808939756
590,148729.19237182415
591,111431.13382227483
592,165960.32406078553
593,169071.14361842253
594,136666.40934775013
595,136765.35048601046
596,141883.8967914223
597,185617.5841831388
598,137941.18944169348
599,156416.92573082965
600,165112.7354339661
601,141883.8967914223
602,144281.68014394236
603,153825.07847389823
604,159236.41839104376
605,155869.6565010442
606,117772.40013818478
607,119218.56667404012
608,116735.9576589273
609,133740.63655949317
610,92007.55645383085
611,128545.80931915878
612,153825.07847389823
613,206558.95993728258
614,165112.7354339661
615,130002.83431955958
616,146708.66449563386
617,144310.8811431138
618,122052.05621536786
619,144543.8296722271
620,132437.50152205373
621,115981.80726221105
622,120849.52516495189
623,135937.69648094266
624,140042.16125763673
625,135586.05042851047
626,143078.83825856613
627,140236.33774980746
628,113786.10211477957
629,111353.11659972006
630,138090.3077272795
631,113783.03192982385
632,131243.91206871282
633,134933.4047357416
634,156225.3935032076
635,103867.7970307002
636,137814.956404764
637,122565.88849949332
638,91387.38213992218
639,117731.3276008464
640,120517.30181908893
641,110203.4860220097
642,145776.94100812013
643,96074.05323194075
644,119477.8740570117
645,138024.891239574
646,199652.37925191113
647,146875.04211215975
648,116735.9576589273
649,126192.34951527893
650,190630.02162092552
651,135853.40280443896
652,128635.95815295533
653,159936.24774309454
654,145207.17096228738
655,61643.64388124581
656,145207.17096228738
657,130674.14202288004
658,147887.82671605714
659,97968.75148819943
660,102599.27857014665
661,118085.78300975205
662,99402.31113003619
663,161311.95068869676
664,114902.56532708905
665,155042.80782648892
666,152144.61104113096
667,145028.29351956106
668,-39104.395685302065
669,134622.6193447137
670,138464.06394423172
671,108880.8021511519
672,109705.969557798
673,118645.65275468012
674,58121.954290891445
675,52842.301385759856
676,137223.98993718153
677,152697.78545970505
678,156866.91041375947
679,162139.39326585375
680,152037.78172137993
681,150304.46707600044
682,135555.29752097765
683,46711.99920164686
684,143257.79323682495
685,148515.29269884972
686,125265.02473084457
687,155039.27470590247
688,137423.45672488748
689,232380.1640193906
690,160918.7435639645
691,107777.34098589612
692,110722.38458237817
693,152666.08004114043
694,175209.35678858476
695,230812.88239047065
696,220785.29717914446
697,211630.51394441602
698,198552.35123925033
699,222323.34622194467
700,237849.73116715302
701,396673.6195271821
702,404134.6057879155
703,233928.13747908088
704,205441.4439687694
705,205759.62205202426
706,205582.32337990706
707,196882.44870527316
708,220797.2221225943
709,220797.2221225943
710,167381.47085593003
711,161446.60869454697
712,166954.54107347093
713,209660.4002122755
714,424241.74622919515
715,240531.1798372785
716,223478.6707927198
717,253064.6299098403
718,144434.5792315503
719,188841.50332801952
720,211715.55151088268
721,203832.91390157928
722,198737.02779950522
723,116730.98580721213
724,87866.90303601904
725,139656.57647871284
726,149285.40922497597
727,146527.49155840036
728,144651.35793638008
729,59599.6834442743
730,83447.14255733369
731,32977.73167934817
732,98398.12290491474
733,122816.8321782478
734,219375.6517060788
735,135565.61746610078
736,140560.83375602769
737,158115.05722934133
738,228830.15168824606
739,179426.05677184116
740,185259.8035459573
741,251839.38937659207
742,126394.92052349041
743,178378.39042906166
744,129276.87698404728
745,195358.34425249655
746,307511.77861947706
747,214780.46127792704
748,178247.55201086152
749,129544.19985474774
750,98872.19930926469
751,123361.56675930182
752,140577.1319894877
753,111952.09024609602
754,113501.33634850907
755,114968.29612834081
756,69415.55848424316
757,124244.5093910612
758,126114.67399718672
759,-66929.76977205786
760,256211.08165156547
761,222417.5497649692
762,188255.62006989477
763,88694.90529133781
764,136797.00735394447
765,120542.7494185563
766,232603.90120069304
767,209158.87388953083
768,228597.99948112248
769,174069.58833392005
770,196330.5916938765
771,192780.5616658508
772,188633.36883500297
773,251660.84561997192
774,192780.5616658508
775,209158.87388953083
776,251660.84561997192
777,273864.26353950065
778,120133.4017464644
779,162979.80893298046
780,111616.71514510066
781,127080.22284303777
782,133136.11314165467
783,70133.5212799335
784,93393.36174379947
785,149644.49184288722
786,153148.55721879206
787,152236.33909981864
788,122853.62426147188
789,142799.19626248538
790,150460.73798485295
791,144389.16240439602
792,128643.0978648557
793,170799.41458202768
794,178386.29898769793
795,190323.55185270254
796,152712.11632416374
797,198417.24132282299
798,183894.2313666219
799,69422.01650698225
800,238864.80526886636
801,196362.83353842527
802,252516.58091833012
803,400755.36567212455
804,84039.44860205147
805,367966.8796402392
806,185550.15352297822
807,289240.0080645473
808,166336.387665932
809,209053.52140755113
810,194436.61376630847
811,214099.02473687747
812,156188.69134686945
813,161134.42791699627
814,172271.24982731507
815,202975.0615223442
816,185465.62069381203
817,144281.68014394236
818,69977.92834828148
819,127621.31873641085
820,173527.63209689312
821,165000.96429691388
822,115605.25396830185
823,113207.4706157818
824,244636.01793193474
825,102397.2349967316
826,426516.18230238394
827,266547.18245313375
828,269245.2852026878
829,453366.12729763496
830,281762.081195821
831,555000.2326774008
832,548722.363552727
833,458258.3689962274
834,378237.6571458798
835,294973.2664403481
836,288607.37677622284
837,438500.25486525765
838,287081.25267687254
839,280235.95709647064
840,281762.081195821
841,239598.9461469393
842,271866.35393418523
843,291305.4795257769
844,218924.45019176885
845,217398.32609241852
846,223798.7499955112
847,209498.0324573929
848,454283.0800514462
849,262219.77447634155
850,243566.33058198454
851,185847.28524843138
852,180526.36030018586
853,212460.16141530653
854,185847.28524843138
855,185847.28524843138
856,171804.3651559478
857,185847.28524843138
858,205614.86583490466
859,192797.7504447375
860,217256.0181900911
861,175702.0544867484
862,200947.59898394655
863,176755.32992337376
864,197245.26267261928
865,200537.32328091597
866,190323.55185270254
867,209555.45587382672
868,184321.16114908102
869,184321.16114908102
870,308968.821875699
871,480572.867977513
872,308968.821875699
873,269856.1185080512
874,302123.5262952972
875,308968.821875699
876,223687.29659815136
877,253556.9210328773
878,228248.80357598473
879,362565.94705549785
880,382463.5512137047
881,252030.79693352693
882,219763.38914628094
883,211196.29453142599
884,267245.6956762142
885,253953.7026843846
886,210213.70632389176
887,269168.60142707184
888,198603.8788613755
889,275617.1153559663
890,295998.9845975487
891,261574.19526348278
892,222119.40658381808
893,137038.36963916122
894,162125.12170668604
895,146290.2350747044
896,193734.16653160332
897,188142.67030955397
898,101233.46184918842
899,140761.06874604456
900,157992.20043500594
901,227464.13971592666
902,147179.4345439873
903,169763.36103163345
904,258053.726276812
905,271214.89662872616
906,271214.89662872616
907,232102.19326107836
908,293238.5348526712
909,152786.94999891514
910,174480.88361645362
911,226608.68472668278
912,274090.99125661596
913,274090.99125661596
914,250766.24314394384
915,190411.94704898685
916,248480.230928476
917,175751.03653205326
918,185465.62069381203
919,163044.89615682547
920,176051.35592908724
921,216115.2576831516
922,194436.61376630847
923,180248.8812953798
924,189502.38151627645
925,183271.0239698867
926,144281.68014394236
927,108903.30151258697
928,148729.19237182415
929,148302.26258936504
930,162835.2915287724
931,156416.92573082965
932,166196.6659281149
933,143958.01097348158
934,166933.93409081426
935,162714.95208144604
936,173100.78819000558
937,127859.96721305118
938,88271.62282080526
939,98103.14608504134
940,141303.05302432278
941,136666.40934775013
942,121916.66942359414
943,139502.83870133455
944,157219.76324334685
945,177429.13665540656
946,151126.9757243442
947,143033.27765343402
948,134413.17994124885
949,158267.43985356425
950,141883.8967914223
951,151126.9757243442
952,141883.8967914223
953,151153.04387702752
954,119218.56667404012
955,158267.43985356425
956,170402.68544045155
957,147078.72403175672
958,75943.25782352427
959,141395.39439557123
960,127121.11940208738
961,131498.73504826223
962,125918.27751671114
963,215093.73528135166
964,109336.1057489223
965,122681.51810488207
966,153789.86152161195
967,191447.91020641424
968,168045.82194495323
969,165112.7354339661
970,97293.17088829778
971,131653.17648631425
972,144281.68014394236
973,118101.90343388013
974,144310.8811431138
975,130401.19059325705
976,124636.42753996285
977,130259.75976841267
978,112039.4604495969
979,125764.33189011992
980,104168.11642773417
981,103867.7970307002
982,83487.50891907355
983,122664.82963775365
984,36825.584797573596
985,112011.80846195864
986,215656.13104278335
987,137124.3256137921
988,118469.77999650546
989,145028.29351956106
990,102046.60715457052
991,178902.9885111703
992,116735.9576589273
993,130991.28520390761
994,156501.34552454218
995,95749.21442651792
996,150386.4317438463
997,131201.76076927458
998,113009.31956922707
999,134699.0745218216
1000,123210.03930298008
1001,135246.34375160706
1002,126478.10677101478
1003,143158.12891343553
1004,153835.90101878686
1005,112071.40944689677
1006,112439.46934202703
1007,80093.03473620115
1008,77888.75080330783
1009,150198.7565489728
1010,194079.71048397332
1011,120468.77850825374
1012,98797.43489829573
1013,102208.84624194205
1014,175069.75661010243
1015,144789.54283489782
1016,148334.33192446787
1017,153536.76151901408
1018,99489.01135095203
1019,152223.1707753198
1020,143663.65697671758
1021,49222.89267644113
1022,147606.3643264464
1023,147606.3643264464
1024,157992.20043500594
1025,162902.95014060233
1026,152033.26013900296
1027,174283.91290088778
1028,154746.82845566646
1029,145856.95484811865
1030,127057.73002185737
1031,208230.4532926589
1032,147349.46068593411
1033,130118.32899697273
1034,106112.47267471589
1035,221027.56597141587
1036,136703.65074960937
1037,90315.31558069523
1038,82502.11710257655
1039,171317.2205946835
1040,125670.81676909095
1041,107633.39761933008
1042,103159.54694561244
1043,157323.06905522285
1044,206283.51261445365
1045,232530.5596861015
1046,239375.85526650335
1047,239375.85526650335
1048,205582.32337990706
1049,238030.8868017062
1050,198737.02779950522
1051,213951.92654219246
1052,208949.06527429057
1053,267702.97685680294
1054,167665.13617353546
1055,196582.1293082392
1056,182625.0948954019
1057,188201.74343422588
1058,223478.6707927198
1059,223478.6707927198
1060,220797.2221225943
1061,213951.92654219246
1062,137238.1119778772
1063,167103.76946150302
1064,174791.5028205085
1065,164556.75772095087
1066,160614.05037122202
1067,181254.5293339469
1068,137659.16267312114
1069,122995.32642204654
1070,198737.02779950522
1071,207214.20103744685
1072,224898.71814285923
1073,231004.43558675118
1074,246219.33432943842
1075,269273.9154056495
1076,275364.90364742395
1077,222323.34622194467
1078,102735.21971592432
1079,173650.2757319804
1080,213951.92654219246
1081,180198.58624609723
1082,90382.80245228825
1083,108510.25602723594
1084,122717.89103998749
1085,139656.57647871284
1086,141776.65843680585
1087,141060.4492716788
1088,138487.9321592581
1089,302710.6450342942
1090,136997.5037529641
1091,137806.06235597824
1092,36342.939052461224
1093,79706.45744342702
1094,160725.9381199606
1095,109429.15084773577
1096,43145.18575975252
1097,127173.80367714373
1098,141800.4648428367
1099,154893.0774024035
1100,210101.45624496724
1101,195524.88452671905
1102,183488.58007809208
1103,240180.16338901044
1104,139280.88851546418
1105,118456.80694444118
1106,169172.52746315056
1107,188290.6043707546
1108,194631.0950730035
1109,129971.12963720685
1110,188558.09016875282
1111,294225.9263119276
1112,218007.63825138117
1113,208611.6239441635
1114,140682.40214842424
1115,140577.1319894877
1116,175147.15912690788
1117,113501.33634850907
1118,87924.90495339454
1119,87503.65028462495
1120,110997.49197801981
1121,99355.55827867604
1122,256211.08165156547
1123,147872.27589738596
1124,127623.28499346366
1125,184720.31183485108
1126,184720.31183485108
1127,185571.34964128703
1128,174984.1012864696
1129,232603.90120069304
1130,188431.9905762293
1131,178417.5902016352
1132,210684.9979888812
1133,226654.2414092723
1134,251660.84561997192
1135,244815.55003957005
1136,192780.5616658508
1137,234608.33657541318
1138,312848.7284310999
1139,133030.5746918026
1140,177476.53511051595
1141,91097.12360912985
1142,83481.90107925973
1143,96992.7426340696
1144,70710.89533660613
1145,126079.17313740164
1146,185860.01098883344
1147,146946.3890933332
1148,176994.63617246173
1149,140612.202076809
1150,90496.39060393567
1151,133158.8170720531
1152,213207.37364762378
1153,140101.09351293134
1154,162714.95208144604
1155,165112.7354339661
1156,151427.29512137818
1157,161379.4187578312
1158,187578.41876999347
1159,184321.16114908102
1160,187429.5396016656
1161,184321.16114908102
1162,200272.543590302
1163,169531.25990240637
1164,174281.09130881153
1165,171504.04575891382
1166,238864.80526886636
1167,373468.29268437065
1168,304027.97702477546
1169,373468.29268437065
1170,346529.94875521655
1171,376593.3252163838
1172,361121.5840598374
1173,357154.19962479215
1174,128554.94457685857
1175,177851.09794285975
1176,187259.98897118057
1177,243349.7075687204
1178,140541.18834391038
1179,157743.71243248566
1180,100301.3994499515
1181,177788.94000311973
1182,112762.59893847267
1183,100652.1517619271
1184,127523.06058617414
1185,107895.45546380719
1186,107895.45546380719
1187,135518.9409446293
1188,156416.92573082965
1189,251881.5875339962
1190,132988.3822977801
1191,460211.42287803686
1192,267719.1611033374
1193,236977.87741544185
1194,438500.25486525765
1195,462909.52562759083
1196,460211.42287803686
1197,291305.4795257769
1198,288607.37677622284
1199,337754.0437580495
1200,416482.0137310985
1201,446168.5027855532
1202,289779.3554264265
1203,447437.78447104443
1204,433687.91211741115
1205,448963.90857039485
1206,182052.4843995362
1207,208665.36056641134
1208,170632.38650574413
1209,247425.67195210652
1210,212460.16141530653
1211,186514.73450219547
1212,184988.61040284514
1213,178734.07570574523
1214,167234.31870697823
1215,210934.0373159562
1216,194387.82764273812
1217,177970.20983533963
1218,308968.821875699
1219,304821.6290448512
1220,480572.867977513
1221,308968.821875699
1222,480572.867977513
1223,308968.821875699
1224,308968.821875699
1225,275617.1153559663
1226,259975.28683081997
1227,256255.02378243126
1228,253953.7026843846
1229,443073.9686269325
1230,196336.8067691666
1231,167121.29036472813
1232,197958.39338050768
1233,153982.12773542228
1234,190698.16102599257
1235,208949.06527429057
1236,182336.18910741538
1237,161662.5742024578
1238,125001.88791386358
1239,125001.88791386358
1240,182336.18910741538
1241,129347.64454614227
1242,184423.33520279085
1243,190785.761611295
1244,147179.4345439873
1245,139349.34507898675
1246,150004.14767896646
1247,149577.21789650735
1248,150004.14767896646
1249,150004.14767896646
1250,202364.25416723403
1251,294455.2783750016
1252,230576.06916172802
1253,147396.73948971074
1254,133461.4624669807
1255,155284.58796169393
1256,214088.15801729955
1257,206359.6571794239
1258,103935.36837761066
1259,192291.43439724064
1260,136966.7287447841
1261,157495.57718561692
1262,182008.66095843882
1263,129470.9379755276
1264,148729.19237182415
1265,150921.73689273043
1266,86338.16534458735
1267,164685.805651507
1268,168935.51440398066
1269,174261.99545380316
1270,128337.6596217425
1271,156416.92573082965
1272,136666.40934775013
1273,148505.90699284675
1274,134268.62599523008
1275,159496.5788866296
1276,144281.68014394236
1277,126063.86225444196
1278,164835.03403953905
1279,179946.08377040742
1280,141395.39439557123
1281,167810.83818352013
1282,139019.83968464175
1283,151382.99471193447
1284,152431.5188304415
1285,144281.68014394236
1286,160965.5426031183
1287,126325.48326188217
1288,37061.95730316451
1289,135926.99629390077
1290,144281.68014394236
1291,146518.9491364542
1292,117467.15433406607
1293,121996.78071809217
1294,130550.76487994537
1295,98330.74742055494
1296,83070.94329949401
1297,116580.0758176382
1298,122678.89966354852
1299,101507.67906619188
1300,157989.7384591372
1301,155869.6565010442
1302,176112.50957653776
1303,185180.6354174734
1304,164537.4797513478
1305,128463.56886415118
1306,98093.13070294168
1307,121916.66942359414
1308,121362.59714145414
1309,187578.41876999347
1310,127703.08784370302
1311,108478.73787362712
1312,131870.47195336764
1313,123328.32187548661
1314,68853.20509589295
1315,137413.02272336883
1316,181807.30952893765
1317,169771.0050803107
1318,107234.00332875723
1319,109520.91122641896
1320,116003.04261758749
1321,93858.94505652026
1322,156836.6330545701
1323,67420.7356543322
1324,123913.8177673853
1325,96797.2782095715
1326,157064.59796818803
1327,92854.57085984266
1328,157317.6872381128
1329,155003.0306923147
1330,144477.2587596397
1331,92318.44625972853
1332,165383.74025975392
1333,113472.72578850298
1334,138613.35235790207
1335,118731.28119644677
1336,195155.4551426837
1337,83387.59589539378
1338,92180.71135476831
1339,78014.9309762503
1340,73788.73061336852
1341,137808.14301694112
1342,134779.60108783827
1343,129126.02249348075
1344,91695.5901589465
1345,95055.3930396742
1346,182572.04133733347
1347,150004.14767896646
1348,180943.33768312266
1349,128846.285764996
1350,147606.3643264464
1351,165683.05956422226
1352,120998.32685933537
1353,128778.31227212503
1354,110732.34737596248
1355,246071.47569967917
1356,205472.8398231821
1357,146368.06341199626
1358,180195.9390493901
1359,108467.59850309567
1360,96538.11432992524
1361,149666.83447992516
1362,110256.13101058254
1363,132238.41095506574
1364,125670.81676909095
1365,125769.75790735126
1366,129305.68538780704
1367,168495.03742831288
1368,178680.68685266803
1369,166022.18979320567
1370,199647.46121852397
1371,176348.37848153443
1372,249663.26935819432
1373,225021.44897149867
1374,198737.02779950522
1375,220797.2221225943
1376,169662.9126763082
1377,163234.27802508223
1378,311313.38443869166
1379,205155.39359744795
1380,220797.2221225943
1381,223495.32487214834
1382,196582.1293082392
1383,183060.38274118584
1384,125431.84083198733
1385,220797.2221225943
1386,196865.79462584463
1387,233702.5383363052
1388,213951.92654219246
1389,253064.6299098403
1390,212270.5543226151
1391,218832.51540220773
1392,211987.21982180586
1393,141577.76885175295
1394,198737.02779950522
1395,222323.34622194467
1396,210765.32139678736
1397,188628.10564629175
1398,86365.75588710967
1399,137085.70816874065
1400,70893.4921750179
1401,132783.32522889433
1402,137258.7931261928
1403,188629.96636571107
1404,138523.62785231444
1405,141372.6065971233
1406,117692.57588501977
1407,82383.3294628018
1408,64978.93883043521
1409,103080.19874400581
1410,85123.18182060527
1411,32258.22189674026
1412,137802.25336325107
1413,139397.38975348853
1414,142031.5626347442
1415,164043.99321440107
1416,114205.84036687823
1417,218245.41461100982
1418,135433.80758549794
1419,138152.7851533137
1420,200715.9841742011
1421,141359.22527923126
1422,230853.22088012157
1423,186481.08454355499
1424,202370.1801071209
1425,201577.11389501338
1426,74820.52889900836
1427,137984.29939887024
1428,63140.99298560369
1429,84205.53001976678
1430,122540.49202471734
1431,88360.70977910998
1432,104882.1887184112
1433,-40117.353757428005
1434,256211.08165156547
1435,275003.9831205403
1436,195765.87261310063
1437,116168.27227649267
1438,213267.45657370833
1439,158905.03793020028
1440,278955.0472095
1441,192780.5616658508
1442,249039.77688847447
1443,417945.7202407344
1444,39835.52789538486
1445,198256.05714412688
1446,121000.86755476739
1447,159081.63468022045
1448,124581.37837298497
1449,69092.35212715884
1450,90652.2519318207
1451,172537.0339705568
1452,88662.29596632592
1453,111844.89482059643
1454,124978.50531788425
1455,88660.09712016647
1456,146301.47693843555
1457,126079.17313740164
1458,228350.5685897411
